resource_id,name
1,Resource_kphuvbz
2,Resource_envfxmi
3,Resource_ypydjbg
4,Resource_bxlibdo
5,Resource_oafnhaw
6,Resource_xmcmfpp
7,Resource_crgxhix
8,Resource_xgrxfcq
9,Resource_ezfmovy
10,Resource_tljhosw
11,Resource_cthozel
12,Resource_zartasb
13,Resource_owwaicu
14,Resource_ofbefri
15,Resource_hafouje
16,Resource_htdumvb
17,Resource_stedjhm
18,Resource_noekkbc
19,Resource_awfzlcg
20,Resource_kgejzkg
21,Resource_kaefyjr
22,Resource_uklsjys
23,Resource_zufxroz
24,Resource_lavyfec
25,Resource_xsbtizq
26,Resource_ieernmu
27,Resource_xjskxhb
28,Resource_dejzfmp
29,Resource_lpaawka
30,Resource_tiiphnr
31,Resource_vvjctgd
32,Resource_xkbdznv
33,Resource_cocjrzl
34,Resource_cjbtvcs
35,Resource_oldtxcb
36,Resource_omlrpow
37,Resource_rwamynk
38,Resource_ddysyce
39,Resource_jngnadb
40,Resource_zuechtc
41,Resource_fyabbzq
42,Resource_dirlgdr
43,Resource_geehwna
44,Resource_bcdxnyt
45,Resource_ibranyy
46,Resource_swozjkx
47,Resource_obhsjyc
48,Resource_hiqtxgt
49,Resource_jypytts
50,Resource_dtmcbyg
