user_id,username
1,user_ecswr
2,user_blwhy
3,user_lugmr
4,user_droeb
5,user_htegc
6,user_znyuu
7,user_ionyr
8,user_srhgu
9,user_yferf
10,user_lggxs
11,user_awnty
12,user_noxnr
13,user_aouef
14,user_ahgrs
15,user_ymohd
16,user_steqq
17,user_weviz
18,user_emoll
19,user_ewmbp
20,user_dkbil
21,user_ealwi
22,user_cutpq
23,user_jeqhx
24,user_yugmd
25,user_pmcyn
26,user_sfrak
27,user_zcxfi
28,user_nkyhw
29,user_vjbxa
30,user_edydr
31,user_skkow
32,user_qcuhg
33,user_fkcoq
34,user_kbckl
35,user_osmmu
36,user_oqnty
37,user_rchvj
38,user_jhxwc
39,user_bbliq
40,user_aawyz
41,user_velam
42,user_lslci
43,user_ghaqg
44,user_vnqrt
45,user_uonsf
46,user_wmqvz
47,user_bjcca
48,user_zrscf
49,user_wllcd
50,user_bhbzr
51,user_ztunv
52,user_gwbaa
53,user_ysoyy
54,user_nwbof
55,user_otldk
56,user_rzecm
57,user_dpdbe
58,user_hnfck
59,user_nagbp
60,user_glybd
61,user_vibdf
62,user_wkvqo
63,user_dokru
64,user_miaky
65,user_oodtl
66,user_xtetw
67,user_mqort
68,user_oyrod
69,user_ykimh
70,user_hzoig
71,user_lllch
72,user_lpumj
73,user_dfuxb
74,user_dyqdn
75,user_viidt
76,user_weilt
77,user_ibesy
78,user_ritxl
79,user_rfnfb
80,user_zrwpn
81,user_scurl
82,user_lbjqi
83,user_yalrd
84,user_vxtyp
85,user_pyfly
86,user_dsbne
87,user_kiokv
88,user_qoasi
89,user_qdybn
90,user_pfkce
91,user_dizee
92,user_fbeoh
93,user_ebdcu
94,user_hatdz
95,user_dovep
96,user_rrzqr
97,user_pmfun
98,user_hapfd
99,user_jhtlh
100,user_dbszm
101,user_hjalr
102,user_eflki
103,user_yswkh
104,user_dlprv
105,user_cdohv
106,user_ihvkk
107,user_eezer
108,user_ogypz
109,user_feaqo
110,user_fnrvn
111,user_nyuet
112,user_yfflu
113,user_hzluk
114,user_gloih
115,user_vdqmr
116,user_umsjg
117,user_vpanx
118,user_heuvb
119,user_ojnjw
120,user_ttlbe
121,user_jadvy
122,user_ivnik
123,user_hihpc
124,user_xlgrw
125,user_muvlz
126,user_ttvlc
127,user_digbk
128,user_epkbf
129,user_aedyd
130,user_fbyge
131,user_urqyw
132,user_ddois
133,user_resmc
134,user_egnvk
135,user_authn
136,user_syqce
137,user_rcibj
138,user_roxnb
139,user_iuvnx
140,user_skeid
141,user_ikvsc
142,user_xdkln
143,user_bgezz
144,user_jsvbm
145,user_erjlh
146,user_ouhod
147,user_nnotr
148,user_tvmbu
149,user_bpkto
150,user_aescx
151,user_bikrt
152,user_ilgvf
153,user_vrwrf
154,user_xiskz
155,user_iskuk
156,user_kqsfb
157,user_plrwp
158,user_fcjla
159,user_aruxt
160,user_oyelz
161,user_jzvwy
162,user_ehrkp
163,user_ggwot
164,user_cantl
165,user_dyjsa
166,user_eicot
167,user_ggxke
168,user_emnlb
169,user_svvic
170,user_cfumr
171,user_xqlyi
172,user_zaxii
173,user_vguhc
174,user_epurz
175,user_tgffa
176,user_lcwlt
177,user_rcivd
178,user_vrswz
179,user_qzbuy
180,user_offhi
181,user_eclny
182,user_zhzfj
183,user_lqwqe
184,user_bdtrg
185,user_pbkss
186,user_tsfuc
187,user_fowqq
188,user_cijht
189,user_aezbt
190,user_qfznv
191,user_abmfv
192,user_ilfba
193,user_qtahl
194,user_czsof
195,user_bbfca
196,user_mgmxf
197,user_rnqkf
198,user_ysnly
199,user_oxury
200,user_iwjoc
