vm_instance_id,network_interface_id,role_id,name
1,169,9,VM_nsijdu
2,177,8,VM_ccblrd
3,120,7,VM_vyzyzr
4,178,2,VM_pwkrlw
5,54,12,VM_xfrfik
6,46,15,VM_bqjiep
7,7,8,VM_zosgiv
8,12,12,VM_fweepf
9,80,14,VM_zykvtb
10,184,10,VM_jsymdl
11,112,13,VM_lzukxc
12,179,15,VM_hbaiko
13,50,14,VM_fedmtt
14,188,7,VM_uqalet
15,167,8,VM_yobqot
16,20,10,VM_bgfyyn
17,9,12,VM_rnkxzo
18,75,5,VM_mcmbbw
19,150,9,VM_psyten
20,169,3,VM_qxgfmw
21,118,3,VM_rgmvdm
22,114,4,VM_jkhdul
23,166,8,VM_czwqpt
24,10,3,VM_cleeql
25,9,10,VM_xyxdqe
26,161,3,VM_vpvfde
27,66,4,VM_tkkzoh
28,141,6,VM_xnmnlj
29,181,12,VM_akazsl
30,160,10,VM_pzzwto
31,134,2,VM_tuubtr
32,126,4,VM_lbxvwx
33,148,3,VM_nnhakd
34,171,11,VM_jqfmnc
35,6,14,VM_rnouci
36,132,1,VM_ckydjv
37,160,4,VM_lijszc
38,55,10,VM_rmdkwi
39,128,4,VM_sqjupc
40,152,8,VM_zgfqpc
41,171,10,VM_jdhkkw
42,106,1,VM_pmhnri
43,62,1,VM_gzzedt
44,181,9,VM_edphlq
45,119,11,VM_liiaqp
46,90,6,VM_zkygpx
47,20,14,VM_dnqupw
48,135,14,VM_fdgxpn
49,49,15,VM_xfbouu
50,106,10,VM_bjerme
51,121,1,VM_ufdscp
52,63,15,VM_selfpj
53,83,5,VM_lvztwr
54,105,10,VM_djglfp
55,121,4,VM_lrgusp
56,128,6,VM_tblfpj
57,145,2,VM_xirkfp
58,97,14,VM_roiiom
59,34,5,VM_dzzwua
60,28,4,VM_xjneha
61,125,9,VM_whvqfb
62,95,13,VM_kkoyaw
63,70,12,VM_msmghv
64,57,3,VM_gzeuzw
65,82,6,VM_downhi
66,83,12,VM_wwlrqo
67,143,6,VM_bfmnfj
68,122,11,VM_msmkmx
69,187,15,VM_pngrmy
70,162,13,VM_peoldh
71,118,10,VM_oeylgs
72,48,12,VM_yacrve
73,41,15,VM_jaoqpy
74,151,5,VM_suqjzh
75,19,12,VM_babqmq
76,13,1,VM_bfuqvh
77,72,6,VM_lhjhnv
78,6,14,VM_grccpp
79,57,15,VM_mrwmam
80,172,15,VM_qnlqcf
81,97,5,VM_mqlxlo
82,34,11,VM_vfxows
83,42,13,VM_ogewcg
84,194,7,VM_ujhydg
85,116,8,VM_bzutxc
86,48,11,VM_wwvonx
87,34,1,VM_licuvg
88,189,12,VM_qovqee
89,13,2,VM_lrgjjy
90,35,10,VM_dymutz
91,187,4,VM_fmvkmc
92,161,11,VM_hxgkyx
93,61,11,VM_dpmvup
94,9,3,VM_kuzaub
95,110,9,VM_lqesex
96,99,5,VM_dcyxpz
97,93,12,VM_jsvnbr
98,165,2,VM_pkkmrw
99,60,10,VM_tvjoxk
100,17,4,VM_ghguik
101,196,7,VM_ipycva
102,135,10,VM_vgcams
103,6,13,VM_unpxgg
104,83,10,VM_zracvn
105,142,14,VM_wnaddk
106,84,1,VM_qaejfe
107,175,4,VM_usykrj
108,114,2,VM_iteovc
109,114,4,VM_haihmq
110,12,8,VM_bthiqu
111,153,7,VM_altmaj
112,188,5,VM_geebhq
113,151,9,VM_bdugqj
114,75,14,VM_jlltvs
115,51,8,VM_ispftd
116,142,14,VM_ziubzn
117,159,8,VM_itvjee
118,113,10,VM_jjcqyf
119,184,1,VM_avffeo
120,92,9,VM_ivnrbm
121,132,6,VM_nrnrmw
122,145,13,VM_bgymes
123,42,15,VM_spwzry
124,59,4,VM_zwzcaa
125,124,5,VM_aolrgv
126,108,15,VM_eodnlp
127,39,9,VM_ncbqyf
128,98,2,VM_tonytj
129,11,3,VM_zdfmvr
130,96,8,VM_blwstl
131,192,9,VM_debexc
132,27,5,VM_kolzhq
133,49,9,VM_cqqtsn
134,61,5,VM_hsipre
135,58,2,VM_sjdpai
136,97,4,VM_dvsqvc
137,124,9,VM_ntwrzq
138,6,11,VM_cyewhu
139,175,13,VM_kvipss
140,93,10,VM_uqlqvy
141,77,8,VM_jyzjjo
142,56,13,VM_ceyzpc
143,85,4,VM_yspgzh
144,33,7,VM_nqlwai
145,35,11,VM_cdsvbb
146,91,3,VM_ooczaf
147,74,9,VM_blvvyy
148,26,13,VM_zitpst
149,31,12,VM_zfogfn
150,22,13,VM_bmyljl
151,51,1,VM_bnmmlt
152,180,4,VM_clgubj
153,199,8,VM_wiqnom
154,58,14,VM_odqkfz
155,170,14,VM_azeizw
156,87,6,VM_ezmcwr
157,22,6,VM_ikepyp
158,43,11,VM_iiozqy
159,110,8,VM_khcumz
160,32,9,VM_xkkvju
161,58,15,VM_gawihf
162,70,4,VM_yjgsxf
163,55,9,VM_qsaibb
164,136,14,VM_lemmob
165,200,2,VM_qkrrql
166,88,4,VM_wfbfry
167,130,2,VM_ktkxms
168,116,9,VM_shwwpt
169,186,7,VM_sdrvvs
170,78,7,VM_lndxsq
171,186,7,VM_kxtdks
172,129,11,VM_qtjvgo
173,8,9,VM_avjfkl
174,64,12,VM_erwynn
175,41,6,VM_uzclgz
176,167,8,VM_lcdift
177,105,11,VM_ijxfec
178,87,6,VM_gpwrbt
179,54,9,VM_cmdpoe
180,67,12,VM_tjkeau
181,124,7,VM_apjple
182,125,2,VM_zklmbs
183,158,9,VM_mjodgr
184,71,9,VM_qqluin
185,73,7,VM_mlxkhi
186,131,2,VM_zhpejp
187,125,5,VM_faqyvi
188,66,4,VM_ocksnv
189,174,5,VM_rchmdm
190,16,5,VM_whstng
191,195,6,VM_awteif
192,60,11,VM_wxxqli
193,68,13,VM_jainvr
194,110,8,VM_nlghui
195,135,9,VM_odqaxu
196,1,14,VM_ckewgx
197,156,4,VM_umxfgy
198,135,15,VM_rxtkdc
199,106,8,VM_cfijxf
200,54,13,VM_pqnbxn
